cov1,cov2,cov3,cov4,cov5,cov6,cov7,sal_pur_rat,igst_itc_tot_itc_rat,lib_igst_itc_rat
0.99522895,0.71486694,0.028209228,-0.13905326,0.0039561484,0.99353284,0.1459845,-0.032632485,-0.7826575,-0.052524514
0.8684899,0.36771414,0.26999223,0.34663704,-0.5401512,0.21322504,0.9087064,-0.032457907,-0.7344108,-0.05485056
0.87756944,0.66936857,0.32009068,0.7085319,0.086042024,0.7997049,0.17866755,-0.03073188,0.46726522,-0.054298785
0.9880367,0.95312387,1.0571871,0.9806247,0.00083334546,0.6141695,0.7950399,-0.029393721,0.5602629,-0.053418882
0.99863166,0.9938557,0.075929776,0.12146544,0.0023051817,0.25895894,0.6257088,-0.032846674,-0.60991573,-0.05193775
0.99265826,0.95614845,0.5442395,0.5198345,-0.0008971562,0.87728554,0.72123784,-0.03226598,1.3179444,-0.05468994
0.98947114,0.9743715,-0.09524989,-0.10157882,0.002924474,0.6121063,0.79412603,-0.033148352,-0.6153702,-0.05130554
0.973842,0.9361748,0.150067,0.18646592,-0.0024467986,0.8141951,0.7666673,-0.032409325,-0.4857001,-0.05240504
1.0060518,0.63609034,0.034148652,-0.14596629,0.0028674733,0.5597412,0.04749167,-0.033131503,-0.849015,-0.05080131
0.98997253,0.9903427,0.059905056,0.11097928,-0.00025902886,0.62715465,0.8513939,-0.03236521,0.64410305,-0.054243784
0.9823863,0.9367984,0.03557806,-0.049260348,0.0015756543,-0.16466483,0.94440514,-0.032939836,0.28827375,-0.053700127
0.9978601,1.0011404,0.15705545,0.099296615,0.00081721495,0.9701418,0.49654695,-0.03268344,-0.98478943,-0.051453758
0.99416715,0.9926547,-0.13777885,-0.14477181,-0.0010637773,0.63716567,0.7013498,-0.032441173,0.40251985,-0.053544104
1.0002259,0.43586886,-0.033478167,0.0844109,0.00449788,0.4557825,0.44000238,-0.032407634,-0.9369262,-0.050692003
0.99707067,0.98863155,0.08961438,0.013977274,0.0016735884,0.9774293,0.21306774,-0.03404753,-0.8968315,-0.052421395
0.99239504,0.9409464,-0.42435008,-0.34527636,0.0012240651,0.87430495,0.30482408,-0.032383926,0.34085923,-0.054352667
0.989948,0.973665,-0.09343058,-0.08543007,0.0030333046,0.9076397,0.10988796,-0.032861333,-1.0687267,-0.019534279
0.40402392,0.4607158,-0.26847842,-0.11875591,0.012623882,0.14627427,0.8938347,-0.034339286,-0.09901054,-0.05456213
0.9807471,0.9150307,0.64561987,0.5760144,0.0022609737,-0.011800314,0.7298664,-0.03191127,-0.6692872,-0.052654006
0.96490914,0.90126806,0.8654282,0.56963587,-9.959761e-05,0.72213537,0.6174723,-0.03125705,-0.49281326,-0.052910384
0.9948308,1.0136828,0.13176194,0.11081916,0.0011984761,0.96099705,0.52241147,-0.032222416,-0.70255387,-0.052519035
0.9897615,0.99484646,0.15860951,-0.021843255,0.119339064,0.66207296,0.93410176,-0.032031924,1.3155648,-0.053335436
0.9915334,0.97560966,0.53814965,0.48052442,0.0009114685,0.81697166,0.17981103,-0.03184128,-0.90967906,-0.025734754
0.98280877,0.9505595,0.9980953,0.9187572,0.0022498798,0.58485174,0.6075012,-0.030248087,-0.6805211,-0.053400155
0.9913786,0.96129966,0.60987633,0.57858753,0.0015197824,0.8962403,-0.3308551,-0.03218751,-0.23670283,-0.054489333
0.9869927,1.0118077,0.63005733,0.543991,-0.00028121297,0.3699147,0.8947455,-0.032761432,0.16602921,-0.054691248
1.0009384,0.9730844,-0.4889053,-0.4466172,0.0019769687,0.93499213,0.6931858,-0.032326523,-0.538612,-0.0521854
1.0034616,0.9735866,-0.50684124,-0.49158406,0.0031696279,-0.14896342,0.99536264,-0.03326906,1.8431858,-0.053956527
0.9924936,0.96777385,-0.23316327,-0.28181213,0.0029674415,0.96808636,-0.2060552,-0.03281573,-0.7008943,-0.052294016
0.9952586,0.9110884,-0.04202729,-0.123373955,0.08282342,0.88655716,-0.10424277,-0.032625616,-0.77769256,-0.034026425
0.9985247,0.16114604,-0.2600857,-0.16607898,0.0061016884,0.7359834,0.35852295,-0.032893907,-0.4113138,-0.053022336
0.999809,0.93967426,-0.39799005,-0.43644214,0.0034605134,0.9386613,-0.04024771,-0.03263207,-0.94487613,-0.047961026
0.99501985,0.86214536,0.55029285,0.6393704,0.0038261544,0.25937295,0.079846025,-0.03285465,-0.9619287,-0.04788065
1.0014108,0.9708572,-0.029169034,0.0005004409,0.07869035,0.87956107,0.9422291,-0.032301832,0.8144977,-0.053133417
1.006124,0.97019887,0.023597661,-0.014849201,0.1580213,0.31027117,0.89217645,-0.032529075,1.3800702,-0.052964024
0.9898517,0.9393498,-0.10305524,-0.25628394,0.023854058,0.83178276,-0.12176952,-0.03328364,-1.2208117,0.1258379
0.66743445,0.84663,0.5853125,0.59122974,0.0024695676,0.90990186,0.20481583,-0.032210924,-0.92744344,-0.047671642
0.9825724,0.43948078,0.7339833,0.25849557,0.00322132,0.48191944,0.47220728,-0.030806351,-0.3770263,-0.054144822
0.9885918,0.8139545,-0.46181697,-0.5059014,-0.007164171,0.6861286,0.6775264,-0.0321296,0.033211425,-0.054404512
0.97462976,0.9574968,-0.16452911,-0.2743,-0.21888465,0.85295165,0.27668616,-0.033058185,-0.92951775,-0.049679305
1.0014684,0.9747681,-0.68421304,-0.67636,0.0012884381,0.92051536,0.49120983,-0.032307778,-0.5720259,-0.05307261
0.7991067,0.9897806,0.44740263,0.13068135,-0.00066510786,0.93100876,0.08662757,-0.032814007,-1.0316355,-0.047487922
0.9978975,0.9207772,0.41343027,0.29705116,0.015908219,0.8848495,0.4311571,-0.031403575,-0.736168,-0.04964703
0.9884736,1.0356482,-0.38088864,-0.35938263,0.00021035028,0.8364989,0.9619089,-0.032455727,0.5735791,-0.05464124
0.9929002,0.98283845,0.0048352806,0.0025595876,6.510865e-05,0.21482289,0.99759483,-0.032654222,1.267224,-0.053723402
0.9905706,0.65098494,0.5787002,0.192287,0.529468,0.7204934,0.93506336,-0.03142605,1.4581714,-0.052467242
0.99654955,0.96336555,0.40373918,0.45409733,-0.0022121724,0.86475027,0.94000494,-0.03243216,1.8659326,-0.05373472
0.9920875,0.9673239,0.75145763,0.7507396,-0.0017624703,0.74442726,0.9383731,-0.031595595,1.3283337,-0.056447174
0.9971864,0.99348354,0.557921,0.52633786,-0.0010241253,0.8304083,0.76502186,-0.033101622,-0.3810494,-0.052224115
0.9691294,0.6608385,0.41499516,-0.012409687,0.16281198,0.4142365,0.477796,-0.032234363,-0.5546036,-0.05188398
0.99846023,0.9320149,-0.20154202,-0.2561977,0.0022132304,1.0146806,0.7256557,-0.032581937,-0.7715573,-0.051270995
0.9933232,0.9636982,-0.28962076,-0.33840856,0.00041824754,0.80883884,0.7501177,-0.033314973,-0.6179162,-0.05217907
0.93218064,0.9771272,0.9350647,0.8760795,-0.00018851283,0.7834029,0.37214518,-0.03296964,-0.60166055,-0.053245295
1.0011746,0.965387,-0.38597095,-0.4789803,-0.001668783,0.12887248,0.8488848,-0.033108495,-0.6301384,-0.053041097
0.9932411,0.9158652,0.9213727,0.7864209,-0.002115542,0.5312425,0.62709147,-0.029553717,-0.6934886,-0.054251265
1.0159682,0.59973997,0.27143025,0.11991179,0.001768479,0.86272144,0.32603517,-0.032132808,-0.97664267,-0.044335626
1.0027783,0.5867731,0.20447429,0.08742762,0.0030279774,0.2733658,0.9683786,-0.032283206,1.7136863,-0.05342725
0.9642849,0.8518745,0.55652046,-0.06837119,0.0070223883,0.82336855,0.4903843,-0.031689767,-0.7270011,-0.051491182
0.9910184,0.82336706,0.28657052,0.3691117,-0.0013528412,0.3584219,0.8847205,-0.032318275,1.5568308,-0.054036677
0.99179184,0.9113161,-0.22741205,-0.14712799,0.004528364,0.51707417,0.6136448,-0.03319604,-0.8949162,-0.049230285
0.9922794,0.97404265,0.45436108,0.4622102,0.001325542,0.56806684,0.8241952,-0.032977145,0.25923696,-0.054837666
0.9959106,1.0386225,0.872406,0.88097066,0.0020076912,-0.024538184,0.9754479,-0.03403308,0.767242,-0.055400573
0.9888727,0.3524688,0.01181184,-0.16043237,0.004962096,0.14549893,0.43180972,-0.031560604,-0.43362817,-0.051231425
0.9901444,0.9776149,0.20179002,0.23354097,0.0033374634,0.7222399,0.98066807,-0.03236393,1.306012,-0.054697793
0.992414,0.17479074,0.07136972,0.01191318,0.0056297965,0.65709853,0.41016242,-0.03160042,-0.8871428,-0.05050807
0.8697666,0.9716428,0.5251634,0.43662924,0.0022115242,0.71107596,0.77476656,-0.032474708,-0.068538465,-0.054191682
0.9952703,0.954545,0.5992905,0.4570875,0.0011047627,0.63401854,0.26652777,-0.03147768,-0.9120534,-0.046375602
1.0126355,1.020109,0.87972414,0.92763305,0.63319016,0.061091576,0.87822384,-0.028232628,0.5615052,-0.048064955
0.9988638,0.30581647,0.41183713,0.018932581,0.0032023247,0.7069478,0.70179653,-0.030769259,-0.99311084,-0.051734842
0.9916905,0.9997068,0.42009133,0.3683419,0.0018312613,0.48380324,0.8806723,-0.032348625,0.8054167,-0.055714786
0.9917232,0.9489801,-0.3771193,-0.3367826,0.0021662097,0.7840762,0.5446782,-0.03284804,-0.20119448,-0.054650966
0.9609768,0.5088687,0.2651716,0.07328995,-0.14368983,0.81526035,0.9773995,-0.031676855,1.7133119,-0.0523054
0.9938371,1.000093,0.55409807,0.47602275,-0.0014124085,0.95372033,0.6719334,-0.03230271,-0.75876164,-0.050760128
0.9915271,0.984322,-0.024838042,-0.06274773,8.492347e-05,0.90538776,0.8257185,-0.03275977,0.9725356,-0.05468847
0.99384063,0.9838107,-0.18346873,-0.122559905,0.0015847738,0.31976172,-0.03524086,-0.03275974,0.43888423,-0.052670125
0.99853086,0.99741477,-0.18691415,-0.16166055,0.0015643033,0.5788967,0.8367734,-0.033535425,1.2784321,-0.054223306
0.98711836,0.96627337,0.6301477,0.5865824,0.0019911882,0.7719521,0.24373972,-0.031504154,-0.90613335,-0.04447986
0.9947688,0.9887158,0.26723376,0.34323567,0.0049260613,0.7246781,0.745195,-0.033587076,-0.7727679,-0.053199634
0.9937167,0.41205594,0.45338437,-0.015794456,0.3422734,0.8676983,0.70184594,-0.032762744,0.60716486,-0.05339343
0.9973574,0.9893859,-0.11516684,-0.16747904,0.0013674143,0.39382893,0.33670253,-0.032889098,-0.9345027,-0.050704468
0.99452245,0.9950762,0.8684465,0.74615383,-0.0002780055,0.8349607,0.44523945,-0.03124769,-0.8639287,-0.04619619
0.96759284,0.9576099,-0.17336845,-0.24330819,0.002884334,0.9334787,0.26686472,-0.032911044,-0.21295351,-0.051514465
0.985912,0.7892489,0.5521321,0.5666545,0.0029121954,-0.0785509,1.0041494,-0.030873831,1.7865779,-0.05685209
1.0029529,0.96033883,-0.17549688,-0.09935689,0.0013848747,0.8937549,0.2502368,-0.032154918,-1.1352935,-0.011388314
0.99977875,0.98097557,0.7676989,0.6994331,0.0011452305,0.5162403,0.9423678,-0.03315997,1.3401448,-0.054445315
0.9969574,0.9884137,0.67706186,0.61913854,-0.00088552956,0.9518816,0.9891476,-0.032307636,2.0797493,-0.05460884
0.9745688,0.9531364,0.17098884,0.111098334,0.002521297,0.7312211,0.78743756,-0.03205363,0.5301998,-0.052125216
0.99381256,0.986225,-0.19955847,-0.17992061,0.002858756,0.15193722,0.9779919,-0.033228096,2.162045,-0.054168273
0.9878646,0.9449889,-0.17345667,-0.04956737,0.64424634,0.4863164,0.2700099,-0.032040812,-0.615992,-0.05157416
0.99733335,0.97031415,-0.07360804,-0.04223536,-0.00038868014,0.75724125,0.4062538,-0.03306115,0.107475564,-0.05306958
0.9945609,0.8916818,0.27078572,0.20925908,0.0046537053,0.96506333,-0.065772444,-0.03273906,-1.0034645,-0.03188471
0.9947712,1.0081828,0.3574118,0.29908687,-6.465066e-05,0.8045716,1.014933,-0.03272618,2.268604,-0.055372644
0.9924672,1.0078285,-0.32276744,-0.28415152,0.0013899597,0.55899924,0.6586018,-0.033030383,0.52956975,-0.054256566
0.99540865,0.9217911,0.16140282,0.17634362,-0.23056647,0.18189189,0.37789136,-0.032589298,0.34707597,-0.05297814
0.99328494,0.77587795,-0.011574325,-0.1921072,0.00335362,0.55279446,0.19349161,-0.032468878,-0.83244205,-0.051991332
1.0034865,0.99361014,-0.060823914,-0.06444955,-0.00022424954,0.89261997,0.6471936,-0.032687172,-0.5359737,-0.053347703
0.98434997,0.7897038,0.03404898,-0.40083408,0.0032295045,0.90711856,0.4119503,-0.03307415,-0.8370483,-0.04931126
1.0058537,0.61049604,-0.27638423,0.0984133,0.006082872,-0.0033589257,0.7676899,-0.03348765,-0.030229578,-0.053510297
1.0152829,0.9625609,0.022917304,0.06413238,0.42899877,0.27442914,0.86514,-0.032632932,0.3490574,-0.05159704
0.9914786,0.9601023,0.4131561,0.43557855,-0.00038060744,0.26147607,0.7002491,-0.03192766,-0.56113577,-0.053626418
0.988957,0.14521581,-0.10476345,0.031193644,0.006770313,-0.13493839,0.18536195,-0.03146026,-0.32274553,-0.05321997
0.99452776,0.9601957,0.13959152,0.06529042,-0.001452638,0.9241327,0.43016964,-0.032575894,-0.8557097,-0.052307922
0.9901017,0.94699615,0.814732,0.7400124,-0.00063233275,0.015956258,0.8041527,-0.031453885,0.36474928,-0.05640464
1.0004586,0.9826955,0.5566483,0.48806772,0.0006816479,0.9822961,0.1091215,-0.032651767,-0.9068723,-0.048376568
0.969479,0.9657903,-0.43188143,-0.40859896,0.0013485792,0.6438223,0.44234717,-0.03365142,-0.48128614,-0.053259723
0.90545774,0.95386297,0.7505326,0.41765285,-0.0031867977,0.84250164,0.29304442,-0.029151784,-0.7541491,-0.05192435
0.993541,0.97453856,0.15000978,0.14407933,-0.0007698928,0.40319195,0.9030232,-0.032641172,1.0917052,-0.053519215
0.69868356,0.47717994,-0.5345719,-0.103536546,0.9316017,-0.1461452,0.60097295,-0.031517584,-1.0263045,-0.050618965
0.9488654,1.1094146,-0.3522331,-0.37588483,0.009810809,0.63129205,0.9596029,-0.017451096,1.2918532,-0.05631443
0.99676734,0.99601203,0.87221247,0.8008876,0.002742527,0.38401935,0.62348217,-0.029345207,-0.0547403,-0.051264413
0.9765031,0.6071918,-0.20809552,-0.40496063,0.018294754,0.7280946,0.9902277,-0.032205157,1.9607719,-0.052813184
0.99480206,1.007693,-0.24296132,-0.2822052,0.0011011938,0.92006046,0.66431093,-0.0328893,-0.83816755,-0.051561546
0.99763477,0.837261,0.2723109,-0.063009754,0.24394307,0.5974496,0.49680826,-0.031877916,-0.48471645,-0.05268356
0.99089,0.989476,0.8433726,0.8158889,-0.0005235468,0.43269664,0.83236456,-0.031288825,1.2669994,-0.056551192
0.9918398,1.0299904,-0.33848715,-0.38612598,0.00040811102,0.47022757,0.86987257,-0.032551717,-0.11078244,-0.05397168
0.9948666,0.99956965,-0.2885335,-0.2914229,0.003495006,0.85744876,0.5207707,-0.033718336,0.22923878,-0.054315865
0.9968442,0.971721,-0.5015309,-0.4335128,0.0006636622,0.47226277,0.9307647,-0.032576486,1.3072641,-0.054902762
0.9836548,0.94388735,0.7547571,0.73126364,0.0029770527,0.27523485,0.6537004,-0.032458656,-0.69887286,-0.054350317
0.9902957,0.885883,0.23329322,0.2513789,-0.00077621464,0.44008443,0.12580392,-0.03176267,-0.8703934,-0.047306564
1.0025935,0.94696116,-0.10757199,-0.17497635,-0.124525785,0.96721137,0.48144144,-0.033037186,-0.7398537,-0.052857254
0.99721825,0.64599586,0.09782357,-0.14921725,-0.11423743,0.3571064,0.5356344,-0.03266434,-0.61588156,-0.05284239
-0.25057766,0.74576014,0.082894385,-0.47731543,0.011291461,0.3558767,0.5713693,-0.03238925,-1.1639149,-0.0499344
0.9988437,0.9908163,0.7651426,0.73426306,0.003518207,0.77714103,-0.058109492,-0.032519344,-0.83339053,-0.051959667
0.99435806,0.995755,0.5866211,0.5787357,0.0013500991,0.64646184,0.79380333,-0.032377947,-0.1925344,-0.054684002
0.98959935,0.9811146,0.06354006,0.03478899,0.0026732702,0.944623,0.47757587,-0.032825056,-0.8704483,-0.04368936
1.0169027,0.95944375,1.2985291,1.288184,-0.3361166,0.66269237,0.28745916,-0.022874925,-0.9510024,-0.04763405
0.99843776,0.6198206,-0.14833423,0.09818214,0.002588706,0.90101755,0.81101364,-0.032740768,-0.43336204,-0.052712604
0.99741393,0.8615142,0.90111077,0.63957435,-0.0014529099,-0.048444,0.69310683,-0.032374997,1.077928,-0.054766387
0.9787882,0.98763365,0.08698556,0.045509122,0.001522174,0.6741473,0.94634444,-0.033671558,1.8633617,-0.05435415
0.9885478,0.9537997,-0.02141219,-0.100721225,0.0016437749,0.9122793,0.6936854,-0.03235658,0.4125981,-0.053122308
0.7851725,0.9948409,0.88297963,0.42366344,0.15919408,0.27160776,0.7880717,-0.023961602,-0.47976002,-0.052141055
0.99536383,0.94533145,0.4255895,0.328454,0.0010293777,0.3798093,0.13869756,-0.03201704,-0.95742226,-0.05088015
0.7670841,0.99172354,0.26169178,0.15687265,0.0011691394,0.30455858,0.05362597,-0.031229127,-0.18224789,-0.05507553
1.0047505,0.43099526,0.43022615,0.060012467,0.00599985,0.8929598,-0.28835264,-0.03202307,-0.87315655,-0.021103762
0.9545859,0.81075335,0.71308124,0.16169764,0.47359896,0.6256805,0.8496144,-0.033367053,0.511536,-0.052502546
1.001445,0.9782913,0.70370036,0.7188271,-0.0004879107,0.34746754,0.6523456,-0.032484785,0.12061444,-0.053231694
1.0001485,0.86707234,0.55034703,0.37762854,0.12611914,0.4447574,0.13968864,-0.031889893,-0.6352892,-0.039117444
0.9647202,0.9642915,0.47467864,0.40084654,0.013258662,0.9198689,0.91067743,-0.031609558,-1.2169269,0.083912626
0.8321107,1.0030416,0.17766717,-0.034812823,-0.21137229,0.7066796,0.16981798,-0.030061081,-0.76782566,-0.05408538
0.9906387,1.0018212,0.42913693,0.41589597,-0.00093842123,0.99289215,1.0134497,-0.032540478,2.2142785,-0.054365464
1.0019137,0.95903873,0.5062303,0.3794313,0.0129784085,0.7912702,0.69273674,-0.031319275,0.711094,-0.0532105
1.0012364,0.9739781,0.65763366,0.6224248,-0.0015162585,0.36225045,0.88061655,-0.029673949,1.7088237,-0.053068735
0.97684276,1.0074277,-0.025236528,-0.07106869,0.003633922,0.7729753,0.31998697,-0.034289513,-0.8972751,-0.04943424
0.9979418,0.96147573,0.1853862,0.06428459,0.3923091,0.68750715,0.73197645,-0.03248558,1.0725834,-0.05227122
0.99599314,0.9817286,0.4115042,0.3871873,0.0016966927,0.9154299,0.993702,-0.031952083,2.0160706,-0.05483484
0.98119235,0.97371936,-0.21146393,-0.10657781,0.002285378,0.5746855,-0.28776368,-0.034206532,-0.85249114,-0.05242009
0.9946679,0.9750027,0.09751118,0.11793515,0.00086621,1.0175508,-0.34301385,-0.032489326,-1.004208,-0.05051721
1.0004132,0.9768945,0.062750354,0.09005691,0.0010220202,0.25631088,0.90086406,-0.032813746,1.0456018,-0.053936638
0.99651194,0.93736506,0.4200394,0.37048125,0.000495633,0.91397613,0.9150194,-0.0323502,0.48632652,-0.05435201
0.9945115,0.8702867,0.20287906,-0.052779973,0.24182986,1.0674165,0.102000326,-0.031924073,-0.07734732,-0.05389061
0.9720528,0.0049089803,0.19630127,0.23703253,0.0109723415,0.28771955,0.82255316,-0.031463128,0.76258475,-0.05190586
0.99553365,0.89924794,-0.1435802,-0.11986783,0.0042011086,0.1896286,0.190741,-0.03301372,-0.22560552,-0.053787824
0.99458086,0.95474106,0.19435027,-0.0017022338,-0.0195741,0.932719,0.5113511,-0.03205561,0.40099823,-0.053662222
0.9776843,0.25515676,0.18511082,0.15749528,0.007593941,0.61196387,0.9421433,-0.032743797,0.90919256,-0.05386513
0.9944711,0.99433976,0.3795435,0.41437387,0.00047455158,0.41629452,0.84179926,-0.032516856,1.0028547,-0.05377317
0.99758685,0.67885095,0.77433366,0.5419269,-0.18271814,0.39712334,0.80954266,-0.032712545,-0.62039423,-0.05396548
0.9955498,1.0106428,0.061928112,0.04752907,0.00055178057,0.61695784,1.0073311,-0.033331368,1.9275467,-0.055188432
0.99032074,0.9705157,0.610521,0.5864539,-0.00045453955,0.8110602,0.981992,-0.03239845,2.0709426,-0.054439265
0.85348046,0.97920895,0.7524276,0.48667598,0.001720907,0.47555223,0.501578,-0.027743015,0.089690894,-0.05483668
0.97234124,0.8356754,0.6973794,0.43745467,0.0039880667,0.34594354,0.40595695,-0.031168161,-1.0782697,-0.036744468
0.9963092,0.9653838,0.8523941,0.7678108,-0.0031073857,0.9612832,0.5400936,-0.031510167,-0.45674396,-0.053068887
1.0059499,0.9523211,0.9012542,0.8752031,-0.00058613543,0.5550265,0.55311996,-0.029424038,-0.74837345,-0.05112594
0.9112748,0.42763853,0.51625687,0.1268823,0.0012283492,0.051842067,0.69750875,-0.03250199,-0.73287034,-0.053034045
0.9533943,0.5173355,0.09552831,-0.0118970275,0.008040698,0.32650232,1.0011526,-0.032444503,1.2905935,-0.05239023
0.98867184,0.8620313,-0.03491285,-0.14715233,0.13532922,0.84092325,-0.10938892,-0.032039568,-0.5912816,-0.05287411
1.0053269,0.9875429,-0.17355084,-0.15285927,0.0042716134,0.507246,-0.5487189,-0.032704957,-1.0551587,-0.027628893
0.9961908,0.42247105,0.23707247,-0.3106108,0.00465448,0.9963893,0.29739237,-0.03258488,-0.69946855,-0.050099768
0.9978187,0.9777823,0.25367898,0.19775808,-0.00039102335,0.8474223,0.7322587,-0.03246853,-0.80547625,-0.05163505
0.9934104,0.9907037,-0.5901761,-0.5649993,-8.100752e-06,0.8516565,0.942545,-0.03229629,0.7681,-0.053807225
0.81079006,0.88770956,0.3090937,0.15167025,0.0041489955,0.81285375,0.5903664,-0.032013357,-0.3162687,-0.053255655
0.9891666,0.22165698,0.6373905,-0.050673336,0.0057594143,0.5029759,0.49429265,-0.03133985,-0.62377685,-0.05295473
1.009841,0.9431514,0.38339773,0.43869203,0.4225946,0.26330104,0.32424125,-0.032944117,-0.3674662,-0.05251855
-0.012087022,0.8939845,-0.8399212,-0.65534914,0.023126356,1.1880614,-0.25190815,-0.029142976,-0.6426399,0.027819062
0.9109386,1.0071567,0.019420598,0.0041240756,0.0028807912,0.57799125,0.73108894,-0.03364198,1.2883753,-0.05468341
0.9961964,1.0146633,0.28492752,0.27491748,-0.0017602054,0.83197975,0.9960061,-0.032699052,2.3639522,-0.054940227
0.9954789,0.1465218,-0.22534335,0.04382936,0.004786497,0.536065,0.806727,-0.032135926,0.22006075,-0.05391535
0.99730563,1.0188707,0.42684415,0.43232393,0.0015820096,0.6144902,0.56284,-0.032592434,-0.35838026,-0.053964976
1.0002193,0.59613615,-0.68003774,-0.52598673,0.0033975411,0.89342415,0.9525849,-0.032424115,0.18139268,-0.053989388
0.98637104,1.0015278,0.67316926,0.57072735,-0.00039686833,0.9207392,0.40495005,-0.03220891,-0.80286354,-0.04887689
0.9946319,0.775082,0.012742135,0.28720662,0.03748872,0.8373049,0.5906042,-0.031932507,-0.72429156,-0.05220724
0.9969245,1.0020909,0.4179758,0.36457044,-0.00078263704,0.9704211,0.5423408,-0.03272585,-0.8100989,-0.052367087
0.9855859,0.9959987,-0.26894134,-0.18480518,0.003392456,0.569745,-0.106429785,-0.03324288,-1.0110906,-0.050558586
0.9859664,0.9761791,0.068577185,0.046733975,0.0023834128,0.9958768,0.3149778,-0.03279211,0.2833268,-0.05281967
0.9975198,0.97267807,0.10854357,0.18648489,0.0024201255,0.22456947,-0.28909394,-0.033986118,-0.92967576,-0.049852178
1.0039384,0.97959685,0.13209932,0.08046757,0.0022487883,0.54230857,0.33200523,-0.032517143,-0.9430107,-0.04820833
0.7895937,0.46272224,-0.09188774,-0.17905515,0.30094016,0.27256545,0.41498533,-0.032340586,-0.29802418,-0.052438375
1.0025481,0.9914145,-0.049015965,0.0017276261,0.0036257263,0.52816826,0.015812365,-0.032899182,-0.892311,-0.04597467
0.9794067,0.9578292,-0.13252082,0.113350525,-0.04918949,0.5988472,0.005593209,-0.032097775,0.021749292,-0.05350525
1.0001446,0.1472938,0.57428265,-0.22470713,0.0054964945,0.8276049,0.39253992,-0.030820427,-0.94171524,-0.049135048
0.99186283,-0.15339911,-0.056018498,0.010475323,0.008710343,-0.024978245,0.09476635,-0.033495203,-0.7589319,-0.051035788
0.9852973,0.9443888,-0.40669513,-0.3925687,0.008663569,0.68600434,-0.4492171,-0.033337843,-1.0052557,-0.043114386
0.95417255,0.95380884,-0.17470819,-0.33843538,0.0049753767,0.84887964,-0.026766153,-0.03315311,-0.9236865,-0.044048622
0.99206305,1.0000793,0.06799117,0.018112168,0.0001406948,0.9178251,0.82379544,-0.033017926,-0.194161,-0.053940546
0.9893717,0.97678065,0.5241896,0.5136943,-0.0005712864,0.48968193,0.88336784,-0.032140348,1.7746564,-0.054739892
0.9972928,0.61066777,0.064686835,0.2325819,0.0056342557,0.27181885,0.21179593,-0.03292256,-0.48793474,-0.053222973
0.9674594,0.99421513,-0.06086969,-0.007359102,0.0004358868,0.6517816,0.009841947,-0.03361891,-0.91995955,-0.048906945
0.765359,0.082206786,0.17633373,-0.030218199,0.6302043,0.27125853,1.0026293,-0.03302719,0.6858509,-0.05203145
0.9998504,0.45284832,-0.41274315,0.077730656,0.002289446,0.7341761,0.30061546,-0.032416426,-0.5752266,-0.052877836
0.9954615,0.92228574,0.063861534,-0.060144395,0.0025147889,0.9843748,-0.12550786,-0.032416124,-0.8026948,-0.04965639
1.0043932,1.017764,-0.18030104,-0.209631,-0.0005492141,0.47937822,0.27876884,-0.03268666,-0.77062804,-0.051288594
0.9925984,0.99931157,-0.5133568,-0.45240033,0.0003745797,0.69864225,0.8829556,-0.03255878,1.4161788,-0.054234643
0.98798025,0.89602804,-0.34166318,-0.3521433,0.19739786,0.7231674,-0.13675043,-0.032476693,-0.64249724,-0.05163668
0.9914791,0.7146936,-0.41407275,-0.5144459,0.0030391235,0.72168463,0.8698231,-0.03266216,0.27792394,-0.054459687
1.0085707,0.95248896,-0.0928995,-0.09594773,0.0024511423,0.8119821,-0.1398252,-0.032817088,-1.0007777,-0.02222591
0.9945381,0.795495,0.6783507,0.3939217,0.002367964,0.6600011,0.5139161,-0.030738275,-0.8709072,-0.051265866
0.9968597,0.9890318,0.16585636,0.14744692,0.00019930852,0.61924934,0.9703744,-0.03239674,1.7624725,-0.056286342
1.003041,0.9862785,0.089185014,0.082111165,-0.0013235343,0.36564496,-0.2513773,-0.03271825,0.9334118,-0.05340314
0.9880947,0.99284893,0.077998936,0.0724419,-0.00038339768,0.8363277,0.98877484,-0.032687712,1.9248141,-0.055355795
0.9964457,0.9670039,0.09113312,0.005865768,0.16211735,0.52088827,0.11157206,-0.03280982,-0.9414482,0.025234314
0.90009457,0.8229967,0.6729485,0.46832988,0.0014014224,-0.07354023,0.8516944,-0.033713415,1.5953956,-0.057111744
0.95178336,0.9834577,0.28986725,0.43427595,0.88256735,0.8407132,0.9380937,-0.032474753,1.085665,-0.053579155
0.9713277,0.8469907,0.106949165,0.47907722,0.49463063,0.8622509,0.0850814,-0.033316746,-0.08777314,-0.05315975
1.0040709,0.9089059,-0.22873381,-0.09345855,0.0026921127,0.47314388,0.74100477,-0.03318503,-0.73022735,-0.050950117
0.9971115,1.0072316,0.47268847,0.53413826,0.0013345758,0.2187962,-0.15457675,-0.030681003,-0.76087785,-0.050846837
0.99660754,0.99540204,0.40695533,0.6177337,0.0026182588,0.6515978,0.08597848,-0.034938764,-0.7885418,-0.053165875
0.9958651,1.0107715,-0.08860603,-0.1314123,0.00062283676,0.8800668,0.7328051,-0.032513577,-0.22455002,-0.05357745
0.50936985,0.98521596,-0.87734324,-0.6359026,0.009752316,0.6375709,0.95363945,-0.014325077,0.83090955,-0.05712788
1.0019226,0.94025326,0.021634448,0.020635515,0.44669196,0.50270146,0.0016381427,-0.03304592,-0.7278104,-0.04778246
1.0112627,0.82791454,0.87164503,0.4654174,0.33965257,0.4711284,0.82549345,-0.02949508,-0.605989,-0.052294716
1.0025032,0.96594244,1.0293187,1.0604507,0.004389586,0.53981435,0.12489939,-0.0275019,-1.0572094,-0.03158105
0.9937801,0.97606564,0.23187886,0.25336212,-0.00026023586,0.97403693,0.72085625,-0.03161782,-0.9284202,-0.049212314
0.995409,0.94346964,0.63932747,0.59599304,-0.0018301514,0.8474202,0.8670672,-0.03175667,0.8386831,-0.05319547
0.99503094,1.0053561,0.8743643,0.8917793,0.0008725057,-0.14813194,0.30722445,-0.030862994,-0.7912658,-0.053915624
0.49716282,0.6409421,0.052014727,-0.23515615,0.93537694,0.61649704,0.76520723,-0.0318203,0.24090688,-0.050718993
0.9862695,1.0041033,0.96437514,0.9265704,-0.0010053833,0.2202329,0.85261244,-0.030273126,0.20804611,-0.056161128
1.0009338,0.97773796,0.10653044,0.06160058,0.094749324,0.6025874,0.77748173,-0.032498784,0.18931133,-0.052258346
0.96002316,0.7058706,0.4404547,0.2709791,0.59959185,0.36303177,0.5188916,-0.031942435,0.10518702,-0.052821208
0.99830383,1.0014712,0.5297878,0.5271142,0.0021937545,0.280849,0.6414408,-0.033584587,-0.24600369,-0.053826258
0.98303294,0.9592858,0.59632427,0.6565007,0.0002880263,1.0181873,0.9948975,-0.032643598,1.9358479,-0.05506716
0.9975659,0.83938473,0.100441,-0.05575438,0.003622042,0.282623,0.42987832,-0.031597186,-0.266972,-0.05399544
0.988618,0.51260024,0.1030311,-0.1271165,0.006009117,0.048482988,0.69151986,-0.032125734,0.69699633,-0.053917434
0.989003,1.0168921,0.11432078,0.11714024,0.0047619175,0.5590101,0.45261633,-0.03308679,-0.8108231,-0.052616343
0.99362695,0.3076681,-0.09858051,-0.2028544,0.0069608726,0.5718533,-0.06621423,-0.03197542,-1.0051371,-0.047906794
0.9953812,0.997542,0.938803,0.86554414,-0.00020827177,0.55585617,0.18913275,-0.031443242,-0.4891844,-0.05460915
0.99507093,0.6984095,0.73567504,0.51607406,0.0026112814,-0.09309258,0.68966234,-0.032327354,0.28764665,-0.05232709
0.99939287,0.96510077,0.5990917,0.52884984,-0.00026355882,0.21797234,1.0155121,-0.032826323,2.1043124,-0.05390054
0.96202564,0.96783644,0.46342188,0.6091399,0.006814584,0.71806985,1.0060672,-0.032690108,2.2097664,-0.055876702
0.9909568,0.95134556,-0.18883175,-0.2800658,0.005412223,0.9320098,0.36467904,-0.03241756,-0.995253,-0.0450653
0.9621106,0.9811092,-0.45077813,-0.38672745,0.0042350236,0.6433418,0.9724459,-0.03355359,1.9255098,-0.054951254
0.9893042,0.8165263,-0.26240644,-0.32549584,0.06502573,0.89736146,0.40300876,-0.032368667,-0.07695233,-0.05190763
0.97557324,0.55270433,0.39768398,0.13926561,0.00413773,0.8030506,0.6516596,-0.03169178,-0.06044579,-0.053156257
0.99656063,0.9525929,-0.11698043,-0.032151967,-0.0006137212,0.64807487,0.847321,-0.03280144,0.19102529,-0.05219508
0.97943455,0.9582365,-0.099425465,-0.052132323,0.0005212034,0.7376002,0.8155656,-0.032582518,0.7261038,-0.054429162
0.9938297,0.99895376,0.4376017,0.40383762,0.00060258235,0.58788115,0.9504494,-0.033038482,0.6114581,-0.05383654
1.0000796,1.0158219,-0.04408109,-0.04722686,-0.00014630157,0.7556583,-0.017471643,-0.03255314,-0.6999445,-0.052000172
0.99211395,0.95591277,0.9160959,0.8207967,0.027519539,0.55773073,0.43596652,-0.027441753,0.10420359,-0.051418487
0.86898065,0.7671275,-0.49481696,-0.7345219,0.56123215,0.8851786,0.45436049,-0.03288909,-0.58913076,-0.05052801
0.9916268,1.0036052,0.00018158843,-0.0396934,-0.00011481169,0.9465553,0.24265242,-0.032528777,0.045083757,-0.053791218
0.9954284,1.0014341,-0.14315239,-0.08512163,0.00041382934,0.93814033,0.7481884,-0.032847084,1.1224902,-0.054467287
0.9864837,0.95125717,0.34733537,0.6208085,0.09867385,-0.3300008,0.95295084,-0.032825403,1.6785402,-0.05363515
0.98635155,0.8103521,0.030015979,-0.050584823,0.0036733504,0.30048397,0.56055385,-0.032444738,-0.7008441,-0.052220263
0.88290095,0.82935834,0.53256655,0.21138184,0.003554603,0.8285648,-0.3327656,-0.033479363,-1.0530702,-0.00802365
0.9952275,0.99586517,-0.29066432,-0.25966358,-0.0004482736,0.93247116,0.771279,-0.033232484,-0.7051258,-0.052483294
0.9917794,0.9714955,0.44099194,0.4182997,-0.0022379886,0.86084664,0.63916194,-0.032390703,0.10184049,-0.053067118
0.9958982,0.9676456,0.5861593,0.46855697,-0.0020451378,0.45757377,0.6725785,-0.03164731,-0.49565682,-0.05194333
0.98491263,0.9552385,-0.33933026,-0.22247031,0.0017591658,0.11880378,0.9667249,-0.0328235,1.7950442,-0.054642614
0.92995876,0.9080097,-0.080523014,-0.13013428,0.15576546,0.6733719,0.034763426,-0.03169034,-1.0184895,-0.045807626
0.9929297,0.9936849,0.45361248,0.3740973,-0.0013948699,0.9873569,0.96859986,-0.03297648,0.82416195,-0.054733627
0.9656861,0.9301576,0.32295522,0.22095393,0.0029592272,0.17461741,0.36579344,-0.033289667,-0.96348286,-0.03322238
0.99353796,0.95981765,0.17421845,0.18275699,0.0029410068,0.8969738,1.0004905,-0.032012135,1.767936,-0.055658944
0.99786127,0.9998481,-0.1919859,-0.20926061,0.002554005,0.664541,0.23228818,-0.03306852,-0.5577199,-0.05120854
1.0032865,0.95857877,-0.37106508,-0.39622664,0.0015242713,0.9135197,0.43374088,-0.03252328,-0.9911,-0.048455663
0.9966691,0.48478726,0.34312662,-0.024940386,0.0029218849,0.505848,1.0274168,-0.031483803,1.7287835,-0.053257167
0.998213,0.92356944,-0.17379162,-0.2329872,0.0023849402,0.9793681,-0.08165756,-0.032457028,-0.7954212,-0.05186542
0.9589336,0.82737297,0.2924664,0.232255,0.001483796,0.7083193,0.87117463,-0.031957984,1.624073,-0.05566057
0.8921074,0.72711134,0.54598635,0.1196515,0.0076720677,0.46013373,0.06787199,-0.03503031,-0.6049045,-0.051944967
0.99086815,1.0108361,-0.11154798,-0.090117335,0.0047652256,0.1828636,0.7360615,-0.033253077,-0.66556656,-0.05250845
0.99821824,0.96660125,0.2887668,0.3871138,0.0017360243,0.8483855,0.43030033,-0.03260398,-1.0143529,-0.038008325
0.83354664,0.98352796,-0.27922964,-0.4849177,-0.0011792501,0.675737,-0.06149754,-0.033409275,-1.0352756,-0.050341174
0.9860587,0.9646337,0.42377,0.45006368,0.0015120077,0.46082848,0.3645299,-0.031878807,-0.9829975,-0.038173463
0.992181,1.0254148,0.89134145,0.8002896,0.00054171483,0.30027023,0.73895323,-0.03177846,-0.5139789,-0.054418206
0.9733397,0.63768494,0.25737965,-0.083656296,0.0021157805,0.6735784,0.5199562,-0.031291198,-0.9034955,-0.051808488
0.7974855,0.1772716,1.0352002,0.5062594,0.875534,0.8883954,0.986802,-0.03129529,1.7395232,-0.057771966
1.0007778,0.9643382,0.7319422,0.6374792,-0.02760511,0.93697613,0.55782557,-0.031148907,-0.57511216,-0.05332474
1.0018303,0.9540804,0.005155596,-0.11525631,0.47902223,0.8433133,1.0076017,-0.032785352,1.7425033,-0.05285421
0.93255675,-0.13902777,0.4675696,0.111538395,0.014059015,0.123440064,-0.06914255,-0.029080674,-0.694486,-0.04192271
0.5071889,0.8899117,0.8133126,0.11978399,0.0103752315,0.43093124,0.6295683,-0.008479761,-0.34553373,-0.055623993
0.99434793,0.9439654,-0.15578514,-0.24961251,0.0028823111,0.57900184,0.094726145,-0.032734644,-0.8901166,-0.0456972
0.9929263,-0.0025385006,0.51380014,-0.31847718,0.0052579027,0.89282817,0.36215192,-0.031328775,-0.8579289,-0.049756583
0.99234194,0.8158631,-0.06135082,-0.014254078,0.0073282328,-0.4454207,1.044076,-0.032587327,2.239837,-0.055123806
0.9941635,0.981602,0.64929277,0.6440286,-0.00038884406,0.68999004,0.7775889,-0.032433253,-0.5384662,-0.052473776
0.9865382,0.90505564,0.85335445,0.8064706,-0.00071100343,0.4240792,0.81776685,-0.031018274,-0.58127207,-0.05514094
0.9806453,0.8463524,0.9614458,0.8836352,0.0017255897,0.8813225,0.9883246,-0.031337265,2.248839,-0.055317882
0.99397415,0.9519658,0.6416596,0.6747014,-0.0019618366,0.88152057,0.853783,-0.032260243,-0.15213089,-0.053386215
1.0026703,0.79847705,0.49673915,0.25649276,0.36649877,0.30311745,0.50359607,-0.030892644,0.23996422,-0.054010827
0.99421453,0.9784733,0.26017603,0.23240866,-9.4418565e-06,0.8275403,0.89662766,-0.032426093,1.6852114,-0.054182123
0.99793893,1.0168718,0.14744116,0.18238929,0.0014082956,0.5446817,0.9912503,-0.032704446,1.7787095,-0.054416146
0.9940453,0.89148635,0.0010478228,-0.088037595,0.0018113236,0.6935666,0.43040255,-0.032573417,-0.7695129,-0.052742947
0.9951407,0.9784025,-0.22870645,-0.32318696,0.0021769796,1.0363468,-0.07897863,-0.03278816,-0.94827735,-0.047002327
0.9997233,0.9697545,0.7301458,0.75753695,-3.2876765e-06,0.6903099,0.931261,-0.03178912,1.8112397,-0.056154214
0.99614954,1.0065447,0.78174895,0.73026705,0.00082432653,0.57671696,0.24441859,-0.03314569,-0.816929,-0.052267116
0.99688435,0.9702971,-0.1204752,-0.15477183,0.00407386,0.32950574,0.07843658,-0.032916203,-0.9664065,-0.044138074
0.9845934,0.97876036,-0.5224378,-0.5149448,0.0046955068,0.4962487,0.80634457,-0.03353378,-0.20202751,-0.05392209
0.9742669,0.9951145,0.512851,0.634114,0.84140104,-0.21489117,0.7970478,-0.03263556,-0.61178845,-0.053538945
0.9614131,0.9357371,0.39592215,0.13034365,0.0014198216,0.48547393,0.60939986,-0.03334298,0.12976709,-0.05285044
0.42830852,0.50942713,0.5832367,-0.051487923,0.011413181,0.48005843,0.9355336,-0.030669566,0.11940701,-0.054921143
0.9930763,0.9568411,-0.39805037,-0.33341417,0.0014831031,0.41558295,0.89569503,-0.033031847,1.191078,-0.05387759
0.9030443,0.9736475,0.39029163,0.16398911,0.001869859,0.74492025,0.5155953,-0.032714255,0.11941424,-0.053719062
0.9945086,0.9782895,-0.13801783,-0.21494126,0.0026881676,0.94277453,0.64900905,-0.032886866,-0.83297557,-0.049422815
0.9920795,0.9918372,0.23735139,0.27332795,0.0003283004,0.9086038,0.957264,-0.033035077,1.4598682,-0.05514849
0.77741635,0.54105866,-0.5345548,-0.13746187,0.95992815,0.34237534,0.105716825,-0.031555936,-1.0711334,-0.04107837
0.99191976,0.53118235,-0.1817556,-0.37907672,0.0035241675,0.67878807,0.16996497,-0.03217405,-0.9582361,-0.046403993
0.9968133,0.75472444,1.0897962,0.74438465,-0.5662198,0.6370519,0.898933,-0.03138305,-0.28411704,-0.055299293
0.9865316,1.0090312,-0.26326755,-0.27066445,-0.001007015,0.77361065,0.9731852,-0.032656707,1.4002867,-0.055099413
0.9958942,0.95372725,0.56120247,0.4256861,-0.36358795,0.9275747,0.6437126,-0.0324504,-0.38325763,-0.053367943
0.99683875,0.94252366,0.7581972,0.6029792,-0.6148256,0.9041172,0.8862452,-0.032415662,0.12610903,-0.05554527
1.002994,0.9893606,0.18739638,0.23204188,0.0037382636,0.57161254,0.22599944,-0.033562835,-0.8454047,-0.05013346
0.7986115,-0.29054844,0.55101293,0.01550138,-0.18824042,0.06566999,1.1149105,-0.030763324,1.680911,-0.054662403
0.81662333,-1.0009005,0.7465797,-0.07452735,0.027732547,0.4795656,0.5576733,-0.031090928,1.4148189,-0.05332937
0.85051644,0.9371244,-0.8905124,-1.0249722,-0.001282802,0.26141083,0.42126036,-0.035269756,-0.7174106,-0.052469745
1.0077931,0.9688641,-0.4075265,-0.4978174,0.01891761,0.2515674,-0.15813705,-0.033447787,-1.1461233,0.07907443
0.98484814,0.9564174,-0.0010789157,0.10781538,-0.001437558,0.8411979,0.33962056,-0.032110088,0.3679585,-0.052790344
1.0126837,0.6348048,0.260211,0.13908373,0.003119791,-0.112150095,-0.3022829,-0.032149453,-0.9362039,-0.027351245
0.90520746,0.955441,0.18304223,0.15407628,0.0014406497,0.85193807,0.16415554,-0.032684702,-0.9185817,-0.05128027
0.99635947,0.8509939,-0.2760897,-0.23539379,0.003911795,0.82810867,0.9100646,-0.032002937,1.0356872,-0.054725196
0.99791443,0.9696562,0.042162362,0.031578615,0.0027393121,0.77556604,0.19738412,-0.03336466,-0.9789792,-0.048579045
0.968493,0.97438574,-0.023417663,-0.031409442,0.0002799573,0.8877561,0.111615896,-0.03205946,-0.44947243,-0.05279117
0.9967846,0.49993768,-0.38239908,0.06556092,0.0051599406,0.68224794,0.7018461,-0.032733403,-0.51845556,-0.053179044
0.99262303,0.7997342,0.20919289,0.2801455,0.0039990116,0.19435382,0.05871007,-0.034297775,-0.44318235,-0.052607127
0.9760542,0.7319875,0.07558113,-0.050925866,0.0023531262,0.2970875,0.43423343,-0.032306593,-0.7849837,-0.051516764
0.98536724,0.72860926,0.3945168,0.29043323,0.20454662,0.5252208,0.812165,-0.0325978,1.2038366,-0.05329978
0.99241346,1.0154372,-0.08392891,-0.110455096,0.0014314855,0.7845785,0.029206006,-0.033295576,-1.001146,-0.049348146
0.62633944,1.0589061,0.23525709,-0.19879627,-0.0029829722,0.93294966,0.94044405,-0.032963935,1.4049146,-0.054960072
0.9940067,0.92451316,-0.6725459,-0.64734054,-0.2575079,0.4411483,0.94896,-0.03261343,1.2840348,-0.054849744
0.99768114,0.990344,0.28237578,0.34936452,0.0016351248,0.86199915,-0.14321283,-0.032401666,-0.64664245,-0.05255656
0.99735755,0.8798515,0.06333405,0.053242207,0.0036288146,-0.1537058,0.85890895,-0.03325892,-0.6458831,-0.05230821
0.9944492,0.69120294,0.0410575,-0.08683382,0.003158288,0.56839603,0.38317773,-0.031816147,-0.85625595,-0.051918134
0.99868524,0.65152925,-0.45599896,-0.12198949,0.003576653,0.7660512,0.54428256,-0.03279238,0.2032079,-0.054092642
0.9875091,0.8649256,0.12604672,0.35419634,0.00070962857,0.40595207,-0.04469034,-0.033603318,-0.79915476,-0.052632164
0.9365317,0.23426837,0.3210902,-0.115045846,0.34324458,0.901615,0.69953156,-0.032285877,0.34947252,-0.05285102
0.9991192,0.9500225,0.10270284,0.035168327,0.00027097936,0.57025045,-0.011648091,-0.03260339,-0.94765896,-0.04844469
0.9958913,0.9901298,-0.016351279,0.03838671,0.0035864804,0.48410404,0.35878426,-0.03264394,-0.58851093,-0.05205976
0.9912736,0.961839,0.10703547,0.07617585,0.0010222251,0.98106766,-0.15811613,-0.032466598,-1.031131,-0.021454789
0.96376175,0.9503983,0.39133608,0.15513138,0.33035782,0.66918457,0.69478035,-0.03262549,-0.4540021,-0.050972175
0.9979124,0.6804097,-0.19098842,-0.036304012,0.007967988,-0.1084884,-0.47343943,-0.032714996,-1.0642834,-0.038716942
0.9944432,0.9548774,0.7192244,0.7280775,-0.0012479556,0.7918969,0.93493295,-0.032164473,1.653149,-0.053802256
0.9992369,0.9914578,0.018377874,0.07609258,0.0020733383,0.86050016,0.4634256,-0.032747846,-0.92699593,-0.051172704
0.9997165,0.9772719,0.0011146843,0.093540944,-0.027109453,0.23567161,-0.0685918,-0.033290137,-0.6506178,-0.05310646
0.66124725,0.18111199,0.07431331,-0.59669167,0.009856502,-0.43489596,0.17265755,-0.031581428,-0.5122645,-0.050402172
0.987807,0.9571227,0.6952185,0.6527908,0.15063281,0.362411,0.96113163,-0.032181248,2.1272018,-0.055657294
0.9994727,0.9304421,0.08608368,0.060731106,-0.46662548,0.4605324,0.9607831,-0.0325729,1.8916733,-0.055236652
1.0024251,0.9278802,0.106451616,0.04424931,0.13038504,0.37060866,0.5089347,-0.03312128,-0.093018085,-0.05202834
0.990291,0.99902874,-0.2264812,-0.24031624,-0.0015357082,0.94070387,0.85649633,-0.032463696,-0.34174246,-0.05433379
0.957728,0.8887719,0.38477316,0.37204078,-0.0020542014,0.58201444,0.8899707,-0.032317284,1.2468097,-0.053641748
0.6721501,0.711615,0.23238401,0.41221586,0.611332,0.5947358,1.0115355,-0.031628054,1.3678832,-0.05317995
0.99392396,0.9857186,0.04291721,0.04809971,0.0032111537,0.39388168,0.9149503,-0.033857998,1.466695,-0.053990602
0.9935445,0.98615104,0.3886456,0.4312815,0.0034323465,0.7149943,0.36928356,-0.032799684,-0.84279513,-0.046104565
0.9828668,0.31787902,0.1005545,-0.17960289,0.006894905,-0.17740402,0.12703636,-0.03240137,-0.6839671,-0.052328076
0.99726707,0.97890663,0.63358206,0.6249149,0.100487165,0.54635006,0.4395095,-0.03229114,-0.034028366,-0.05242129
0.032894757,0.5092707,0.19649449,0.0064237867,0.027871449,0.27861708,0.68565077,-0.0036392547,0.77829367,-0.059676904
1.0009886,0.5713736,-0.11684564,-0.2444123,0.004976401,0.51584226,0.5366368,-0.03326812,-0.49967405,-0.054645408
0.9580175,0.2954908,0.27767983,-0.09902947,0.54265505,0.95427734,0.42455497,-0.031637494,-0.47215053,-0.05089647
1.0012374,0.9938711,-0.119369835,-0.11312464,0.0026058462,0.90336233,-0.16878882,-0.03207072,-0.852731,-0.05075683
1.0001799,0.8959588,0.3984023,0.3128688,-0.00025067676,0.46402764,0.55467767,-0.03217234,0.1707775,-0.05361583
0.9915537,1.005472,-0.18526766,-0.1989257,0.0012428331,0.9735456,0.6814027,-0.03221856,-0.74667627,-0.0507463
1.0028211,0.9819788,-0.37237287,-0.40608227,0.0010967198,0.84995526,0.58552086,-0.032818194,-0.84664375,-0.046508893
0.89739966,0.7035472,0.3539786,0.007871792,-0.12181875,0.86908716,0.26731706,-0.03347119,-0.7981596,-0.055442724
1.0000435,0.72572285,0.7386257,0.52825963,0.0009191724,0.93520653,0.265728,-0.031563185,-0.67938983,-0.050558396
0.89051634,0.736913,0.23702908,0.30690032,0.5333075,0.7638383,0.9625772,-0.031766333,0.6613481,-0.05220703
1.001274,0.6585019,-0.07363877,-0.21082577,0.0027880054,0.43263996,0.8867879,-0.033322096,1.2545389,-0.054086022
0.9975458,0.93039936,0.5822035,0.4893431,0.00081280794,0.24063405,0.31722796,-0.033091143,0.1050126,-0.052580137
0.98337233,0.91883713,0.5632005,0.49991196,-0.0019593444,0.8687697,0.31442437,-0.031517424,-1.0013317,-0.028491499
0.95293033,0.8738121,0.6869209,0.31609732,-0.0024963263,0.74994266,0.616839,-0.029340325,-0.85848165,-0.05331655
0.99372554,0.97190154,0.62392706,0.57308555,0.0011388155,0.7034133,0.038998395,-0.032638226,-0.7484051,-0.05313538
-0.09060166,1.0573891,1.4732512,-0.0069156284,-0.0075945016,0.83962274,0.9346142,-0.024839494,0.49216342,-0.053732738
0.9973418,0.98367983,-0.4027692,-0.3723576,-0.0017330294,0.93695873,0.9362001,-0.032811105,0.95748854,-0.054072488
0.9943928,0.981524,-0.017446216,-0.14047897,0.43178615,0.85718685,0.6055184,-0.032531865,-0.5249211,-0.051738642
0.9880219,0.992644,0.79271674,0.7499861,-0.00087519933,0.74331295,0.2177183,-0.031448495,-0.6597237,-0.05345272
0.9982721,0.95378083,-0.42203355,-0.35443473,0.0019159372,0.947959,0.26155508,-0.033066925,-0.15892749,-0.05265688
0.98893327,0.6621143,0.9562752,0.5629129,0.0032084193,0.59504944,0.81441474,-0.023865312,0.4854866,-0.053347185
0.9960342,0.99308527,-0.6791111,-0.6063286,-0.00021510768,0.8910362,0.881917,-0.03281393,0.032736454,-0.054142162
0.99621665,0.9920031,0.669768,0.64435625,-0.0014398192,0.673281,0.76238,-0.032047752,1.3840945,-0.054768164
0.9855737,0.9774387,-0.45798945,-0.38049245,0.0009285825,0.6064476,0.3515261,-0.032634195,0.8895266,-0.053828735
0.98561156,0.9837345,0.90125185,0.8729607,-0.000485981,0.30082244,0.91666937,-0.028306583,1.337986,-0.052711464
0.9634778,0.17636168,0.040128384,0.11747029,0.006302161,-0.39572915,0.4343137,-0.031004755,-0.5773176,-0.05231897
0.9958184,0.9294845,-0.17026195,-0.13801065,0.006044453,0.8292608,0.111243665,-0.033075754,-1.0658202,-0.024792682
1.0248333,0.9126114,0.8849935,1.002466,0.0016916859,0.29258558,0.4434323,-0.025246574,-0.77846354,-0.04856357
0.99884623,0.8167709,0.0586035,0.04623191,0.0028279852,0.3420913,-0.043922693,-0.0331658,-1.1043062,-0.01015807
1.0002886,0.98973346,-0.53755647,-0.42116296,0.0011216867,0.93916684,0.94193166,-0.03280368,1.4033124,-0.056022562
0.9507852,0.99795985,0.67753273,0.71392024,0.0020789076,0.9030949,0.92722064,-0.03322809,1.6845545,-0.054140855
0.99510896,1.00198,0.94348234,0.86072505,-0.0010746737,0.95324475,0.2664706,-0.03223053,-0.5235856,-0.054281317
0.99769354,0.99527174,-0.1981399,-0.19945613,-0.0011675154,0.9566403,0.9498836,-0.032641277,1.1827302,-0.05421806
0.993405,0.9579318,-0.29791582,-0.31622958,0.0009657721,0.28261992,0.9086839,-0.032872505,1.3209018,-0.053895976
0.9996246,0.99478596,-0.09031281,-0.13080141,0.0017991978,0.5605019,-0.2959545,-0.03284767,-0.86129916,-0.050311826
0.97540915,0.87475395,0.6080185,0.3898062,0.0033836532,0.4480566,0.9338703,-0.03293801,1.5284554,-0.053532995
0.8979028,0.9596738,0.5704736,0.6126768,0.0013805161,0.9881909,0.59932995,-0.033471182,0.84853387,-0.054456156
0.8954341,0.9472151,-0.41604888,-0.42468792,-0.17736632,0.036789212,0.7760149,-0.033164047,-0.23909518,-0.05418703
0.99089617,0.7595514,0.6910111,0.40545863,-0.0004800578,0.109696634,0.4608089,-0.03178521,-0.63460666,-0.052048456
0.9979634,0.98358595,0.04978727,0.061355926,0.0005925986,0.9712064,0.16802019,-0.032432035,-0.8562157,-0.048188873
0.9932257,0.9673333,-0.27162045,-0.290992,-0.0008974393,0.91258943,0.9405619,-0.03232138,-0.10998673,-0.054345947
0.98687816,1.0211393,0.05369656,0.05204305,5.776238e-05,0.6123894,0.84574527,-0.03226637,0.5731277,-0.053884525
0.99235547,0.99651617,0.72609454,0.6679778,0.000108247514,-0.0896379,1.035004,-0.033237703,0.6169195,-0.055299655
0.86468893,-0.16895568,0.5158387,-0.08221763,0.018528635,-0.43265554,0.08688316,-0.030602526,-0.509412,-0.05121187
0.9937706,0.96555513,-0.43933952,-0.4512474,0.0031949934,0.9399387,0.09674436,-0.033503607,-0.89917,-0.051123068
0.99606735,0.98384863,-0.32568544,-0.33641025,0.0019165407,0.9003615,-0.06723687,-0.032826297,-0.8886233,-0.05176412
0.9959776,0.9619198,0.6170364,0.49731418,0.00034729566,0.77441895,0.48469126,-0.032600436,-0.91788965,-0.050562955
0.9963134,0.9478464,0.9060415,0.6942256,0.033469055,0.37573308,0.8261994,-0.029952753,1.1469293,-0.054607242
0.9832535,0.9683244,-0.6229504,-0.59283745,0.0031309705,0.69672614,0.7583692,-0.03331749,-0.18064962,-0.054112405
1.0029372,0.989804,0.14712505,0.07262674,0.0023769718,0.8554254,0.296282,-0.03258484,-0.94992733,-0.04838562
0.79889375,0.94436914,-0.6640043,-0.7803551,0.31078273,-0.44800112,0.8690108,-0.032484647,1.2401826,-0.052495193
0.98391676,0.99488294,-0.2578196,-0.22260994,0.0034416486,0.2696891,0.7222241,-0.033504236,-0.5259515,-0.052963525
0.9920043,0.9938375,0.19092685,0.18964562,0.00021214214,0.804584,0.7110047,-0.032537036,-0.112474,-0.053439483
1.0007741,0.875518,0.14832288,0.18362758,0.001377059,0.44773394,0.9730083,-0.032660265,1.8420825,-0.05516419
0.996947,0.9818089,0.8139834,0.79513144,-0.0041074473,0.8563074,0.9479642,-0.032609105,1.0093677,-0.054171614
0.99020237,0.90853244,0.7191182,0.5205874,0.00036694284,0.7581792,0.5628258,-0.031763684,-0.33882067,-0.05434996
0.99011254,0.94527644,0.7703994,0.62922907,-0.0008137991,0.41653377,0.5982652,-0.03078894,-0.6376769,-0.053109046
0.9918223,1.0231026,-0.05377054,-0.056607366,0.00030036818,0.94134414,0.6651754,-0.032539017,-0.14665397,-0.054659236
1.0025644,0.9667238,0.93796694,0.9149577,-0.001590347,0.53060114,0.36880714,-0.030016366,-0.7998929,-0.05055647
0.9937923,0.95092165,0.3003905,0.19935079,-0.0020882506,0.8197215,1.0161028,-0.03254483,1.9267193,-0.054717064
0.99865735,0.9812411,0.14801367,0.15218095,-0.000113884096,0.9581132,0.9231635,-0.03282031,-0.31670055,-0.05193757
0.97760385,0.90693665,-0.03407192,-0.09180108,0.39337894,0.904954,0.43727657,-0.032341912,0.03702573,-0.052780762
0.9966591,0.975329,-0.23875201,-0.23071009,-0.00095707376,0.9324516,0.80161995,-0.03289719,-0.35493198,-0.05333345
0.99162287,0.40871686,-0.43754005,-0.54692084,0.003280593,0.9591305,0.9570623,-0.032295696,-0.66952,-0.05272803
0.9808477,0.975459,-0.26650888,-0.254982,0.0039079282,0.806797,0.9764564,-0.03303166,1.4813966,-0.054508913
0.94521105,0.9862815,0.77661884,0.7358514,0.0019942839,0.03902254,0.22656083,-0.034057703,0.63585,-0.053679578
1.0000099,1.0013161,0.45933217,0.41742095,-0.0026560072,0.93923026,0.77011716,-0.032291528,0.8619588,-0.054784384
0.9738146,0.98280156,-0.11416417,0.016570255,0.0017831604,0.84316593,0.8928822,-0.032957856,1.2900716,-0.054610398
0.210161,0.9476764,0.60941684,0.23100987,0.1473776,0.14241424,0.8752271,-0.026101807,0.16787004,-0.05655588
0.9925038,0.99229515,-0.39396596,-0.37179708,-0.0007230734,0.7638051,0.79077655,-0.03267991,0.3864196,-0.05415611
0.9913032,0.9991293,-0.16885227,-0.15705287,-0.0007085708,0.9073853,0.94578457,-0.03255158,1.646733,-0.055008955
1.0009315,0.9939246,-0.5867225,-0.57704556,0.0006103049,0.86641574,0.49779618,-0.032779533,0.7045217,-0.054580707
0.9898769,0.9421064,-0.33062214,-0.379036,0.0070940536,0.9340286,-0.21953383,-0.033082906,-1.0611159,-0.023558905
0.99423486,0.95217544,0.24583375,0.21849434,0.0026388,0.8788222,0.10600042,-0.0327976,-0.95058906,-0.026735991
0.99983984,0.9928577,0.5990374,0.6303704,0.0032244232,0.20021117,0.0076680467,-0.034206875,-0.8816254,-0.049866106
0.9286523,0.9171637,-0.14590296,-0.14446464,0.001889659,0.7230754,0.66301495,-0.03322062,-0.7384094,-0.052516073
1.0029787,0.95649254,0.4516022,0.4446919,-0.00018140498,0.8983082,0.43598238,-0.03256674,-0.93754685,-0.046557497
0.9288049,0.9869718,0.998565,0.9011522,-0.0014367496,0.622783,0.7982875,-0.032493953,0.78883636,-0.055961415
1.0028164,0.9917178,0.60486066,0.616323,0.0012417751,0.70184016,-0.23426065,-0.032774944,-1.1236519,-0.0245897
0.81841916,0.76062566,-0.0464552,0.72061163,0.0041774046,0.75832105,0.2374194,-0.03242614,-0.08774398,-0.054733865
0.97323865,0.99499136,0.021736208,-0.10654476,0.0031990279,0.47517657,0.14888516,-0.033820897,-0.96723086,-0.052602913
0.99828595,0.7676415,0.57711476,0.57501185,0.0018763262,0.8205333,0.84969556,-0.030927172,-0.4675744,-0.053671017
0.9971019,0.9529889,0.5255735,0.44403926,0.0005652922,0.9702557,0.052194178,-0.032444615,-0.892269,-0.04421883
0.9188863,1.0106335,0.5653257,0.5113664,0.0013210679,0.46060574,0.75678515,-0.023087783,1.5112079,-0.057112794
0.9982591,0.9948161,0.32879028,0.32597795,-0.0011497979,0.85915726,0.568788,-0.03272341,-0.5717016,-0.053084463
0.99712443,0.8801631,-0.20411089,-0.08617711,0.0033106077,0.26816157,-0.31078044,-0.032317363,-0.59820247,-0.053648617
0.9895687,0.93511283,0.7743779,0.73570025,0.0008822511,0.44049084,0.60813344,-0.031596117,-0.19876176,-0.055350073
0.93984586,0.82456774,0.6864038,0.76637506,0.00492063,-0.08560898,0.94220835,-0.034306187,2.0216978,-0.054534823
0.9936069,0.70857817,0.60040474,0.3012462,0.0010011847,0.8444904,0.28866416,-0.032530475,-0.72613937,-0.05326792
0.99618703,0.9845352,0.21692404,0.23133771,-8.510623e-05,0.91392595,0.722378,-0.033080135,0.12139376,-0.05333697
0.96149766,0.9861219,0.071242094,0.2251119,0.0045631584,0.7097362,0.9577833,-0.03287041,1.8747977,-0.054863963
0.99211836,0.9466704,-0.39175123,-0.3246022,-0.1253102,0.87836695,0.13457355,-0.033914268,-0.5008306,-0.05251164
0.83072066,0.07650083,0.27093977,0.2595716,0.012076881,0.036080573,1.0651026,-0.03221705,1.4419781,-0.053936444
0.9828329,0.9716005,-0.008899552,0.022146836,0.0023393016,0.32705352,0.8635823,-0.032982994,0.611478,-0.053325444
1.0049942,0.7397219,-0.21845722,0.03766232,0.0023522768,0.6738619,0.4192064,-0.03310424,-0.616179,-0.052805666
0.8733698,0.9862973,0.7726668,0.65605944,-0.0025415663,0.9124108,0.31197244,-0.025216991,0.20499866,-0.055162314
0.994332,0.9284777,0.001506853,-0.12543547,-0.5213097,0.66255075,0.6670265,-0.033478696,-0.682312,-0.05205877
0.1705347,0.7897606,0.83713275,0.28713885,1.2906191,0.13307178,0.28604642,-0.03048019,-0.4942079,-0.050835926
0.8709731,1.020017,0.058715705,0.1343269,0.007151438,0.7256912,0.92831796,-0.029747048,2.0791736,-0.054991487
0.925586,0.9255666,0.8896021,0.7936246,-0.0008258951,0.46053895,0.74933064,-0.031998873,0.056462076,-0.05323163
1.0034238,0.7848755,-0.30468833,-0.3313055,0.0063897017,0.8941587,0.12162316,-0.032330472,-0.7489469,-0.052062392
0.99873734,0.96471053,0.35815677,0.34536773,0.002741387,-0.11720493,-0.03248909,-0.031786274,-0.96457577,-0.04246383
0.95850784,0.9658365,-0.501218,-0.5510314,0.0040488597,0.8362175,0.5774197,-0.033310317,-0.6169084,-0.051854357
0.90913886,0.40317896,0.24441047,0.38453043,0.16726667,0.15224624,1.0293357,-0.0314745,2.1091244,-0.053527594
0.9937801,1.00626,-0.059088703,-0.113738924,0.00332384,0.8033739,0.6069882,-0.03257895,-0.6652212,-0.05210233
1.0028256,0.88698703,0.10849253,-0.022559911,0.0032514688,0.92440397,-0.20187679,-0.032595612,-0.9002443,-0.04339269
1.0083756,0.9531175,0.64284086,0.6845913,-0.000116700416,0.9883124,-0.042228132,-0.03200487,-0.90447366,-0.04581985
0.8378799,-0.0010772928,0.39876097,0.058312565,0.013390841,-0.039611664,0.60068625,-0.032543834,-0.87095934,-0.05098151
0.99574995,1.0218395,0.21787027,0.19569875,-0.0005195049,0.83158815,0.9985042,-0.032518633,1.9261806,-0.055108987
0.99678516,0.94345224,0.13336137,0.01778984,0.0043303166,0.1419374,-0.040715307,-0.032556944,-1.1248618,-0.0050207875
0.9978363,0.9513881,0.26738948,0.13439596,-0.23779765,0.9493861,0.8013675,-0.03335201,0.18784857,-0.054964043
0.99651337,0.95424527,-0.039062794,-0.08258429,0.00071721326,0.736423,0.93614084,-0.032127924,1.7231548,-0.054808427
0.99769163,0.98037773,0.11054548,0.075315945,0.004827993,0.830629,0.14552814,-0.03241039,-0.90341073,-0.041235425
0.99026185,0.92559284,-0.2826193,-0.39114845,0.14390731,0.7639447,0.7552074,-0.03275613,1.0820413,-0.05212927
0.9875513,-0.0073858486,0.26825997,-0.09728202,0.009207696,0.4282045,0.5442276,-0.031903517,0.12923568,-0.053621255
0.9929566,0.46253696,0.107509546,-0.035749167,0.0040823575,0.683298,-0.17187825,-0.03172207,-0.8385175,-0.04999054
0.9864587,0.9824258,0.12612943,0.026410073,0.00116604,0.2914883,0.02675864,-0.032662835,-0.6733603,-0.051927555
0.98489285,0.9029016,0.018781561,-0.0053658034,0.7158182,0.64734554,0.7671506,-0.03236154,-0.7516072,-0.051423438
0.99428916,0.9671034,0.7619659,0.68750775,-2.8881786e-07,0.9372633,0.32709238,-0.031811103,-0.8789256,-0.050661165
0.94481236,1.1205177,0.7870966,1.1655262,0.79030377,-0.35384563,0.9824942,-0.031090803,1.8566438,-0.05715433
0.88738066,0.95567226,0.88067687,0.7612762,-0.099097356,0.18132952,0.7184075,-0.03289622,1.0491798,-0.055170342
0.9975828,0.976762,0.7431966,0.73197514,0.00020090294,0.31314334,-0.14286801,-0.03183737,-1.0227634,-0.024393188
0.99470687,0.97430605,0.53696185,0.5305996,-0.0028482433,0.9424397,0.8823411,-0.03312409,-0.43283424,-0.053330317
0.9939434,0.8783916,0.65727687,0.5914283,-0.0014388954,0.7738092,0.8698033,-0.030739889,-0.337914,-0.05469741
0.99804956,0.9957397,-0.14686748,-0.17631286,0.0019799266,0.47380832,0.029401748,-0.032592103,-0.8501071,-0.05113888
1.0039325,0.31094623,0.69242305,0.3762971,0.0033486467,0.26076886,0.9804396,-0.03266556,1.7694315,-0.054210216
1.0009872,0.7661157,0.10975865,0.10705648,-0.00022136616,0.6660857,0.65032077,-0.032117788,-0.68002343,-0.05165063
0.98933,0.980803,0.14310336,0.06789958,0.006367406,0.23517838,0.36589202,-0.032162525,-1.1139795,0.020727063
0.99803585,0.9654636,0.556205,0.5944888,-0.0024787914,0.7937147,0.89956653,-0.03155737,0.7454522,-0.054202728
1.0016788,0.9890939,-0.09068328,-0.07514796,0.0030572284,0.22053099,0.33437175,-0.032981414,-0.93139905,-0.050707754
0.9930302,0.9796183,0.6499739,0.6750646,0.0011043305,0.5908714,0.39160585,-0.032047253,-0.40958977,-0.054730803
0.9967199,0.9829294,0.05026074,-0.012698516,-0.002696896,0.93849456,0.622232,-0.03218997,1.0982993,-0.05378566
0.9999312,1.0035475,0.34166765,0.3207279,-0.002878828,0.92805666,0.8763372,-0.03296462,0.7074171,-0.053410333
0.9960605,0.98435473,0.13758603,0.15811282,0.001821855,0.8989186,0.010819463,-0.033463564,-0.765553,-0.053110253
0.99864674,0.7448968,0.67287624,0.49277744,0.00045296352,0.4084764,0.96455306,-0.032210153,1.4047661,-0.05413146
0.9948107,0.81767523,0.4610182,0.34367737,-0.14701426,0.1091148,1.0208313,-0.031201433,1.9190834,-0.056103818
1.0038273,0.60304224,-0.029922348,-0.20720196,0.0024922136,0.7083866,0.32383925,-0.032232236,-0.58785856,-0.052011356
0.96301204,0.9572842,0.80574197,0.6786772,0.0019689035,0.5630335,0.4735855,-0.03249045,0.16582625,-0.053991497
0.99289435,0.9714789,0.8290849,0.83273983,-0.0020671021,0.8430914,0.9385524,-0.031152062,1.46512,-0.05558324
0.8156608,-0.46643376,0.80757886,0.093000695,0.015780875,0.18975365,0.7835721,-0.030827366,0.85823107,-0.05503826
0.9504751,0.91629,0.60054016,0.6031016,0.005300699,0.320371,0.9773848,-0.033709947,1.9626373,-0.054718662
0.9910242,0.9674657,-0.24099424,-0.3046058,0.003370257,0.92055327,0.68871385,-0.032487765,-0.9619095,-0.049577445
0.995001,0.9519238,-0.45304775,-0.4331076,0.004527556,0.92249227,0.14756492,-0.032090437,-0.46620828,-0.053316228
0.98871124,0.99216866,0.78159237,0.73194075,-0.0018822049,0.91060704,0.9317697,-0.032730028,0.24871024,-0.054458052
0.9908038,0.9923893,0.6920287,0.67174894,0.0014496612,0.3757141,0.40104824,-0.03139795,-0.88305706,-0.048336037
0.9916063,0.97702295,0.41180468,0.42850646,0.0031141024,0.08021877,0.8671442,-0.032941274,1.4857701,-0.054152917
0.9917368,0.9841114,0.29125002,0.28954238,0.000558948,0.81472826,1.0142505,-0.032270428,2.2164981,-0.05480778
0.9752794,0.861057,0.41645905,0.2326895,0.0029096175,0.7289092,0.84190875,-0.032473695,-0.59394234,-0.052906796
1.0037435,1.0131919,0.92261887,0.9286417,0.0020128284,0.70399404,-0.1665971,-0.030772056,-0.8631367,-0.045310814
0.8948614,0.5372378,0.41297805,0.5571149,-0.07929311,0.70648813,0.83466977,-0.032740016,0.058680292,-0.05447032
1.0000248,0.67481774,0.89089894,0.48621735,0.00050969224,0.30861202,0.7372376,-0.0316248,0.6547252,-0.054900184
